--
-- PostgreSQL database dump
--

-- Dumped from database version 16.2
-- Dumped by pg_dump version 16.2

SET statement_timeout = 0;
SET lock_timeout = 0;
SET idle_in_transaction_session_timeout = 0;
SET client_encoding = 'UTF8';
SET standard_conforming_strings = on;
SELECT pg_catalog.set_config('search_path', '', false);
SET check_function_bodies = false;
SET xmloption = content;
SET client_min_messages = warning;
SET row_security = off;

SET default_tablespace = '';

SET default_table_access_method = heap;

--
-- Name: Answers; Type: TABLE; Schema: public; Owner: postgres
--

CREATE TABLE public."Answers" (
    id integer NOT NULL,
    "attemptId" integer NOT NULL,
    "questionId" integer NOT NULL,
    "questionOptionId" integer,
    "essayAnswer" text,
    "aiFeedback" text,
    score numeric,
    "createdAt" timestamp without time zone NOT NULL,
    "updatedAt" timestamp without time zone NOT NULL
);


ALTER TABLE public."Answers" OWNER TO postgres;

--
-- Name: Answers_id_seq; Type: SEQUENCE; Schema: public; Owner: postgres
--

ALTER TABLE public."Answers" ALTER COLUMN id ADD GENERATED BY DEFAULT AS IDENTITY (
    SEQUENCE NAME public."Answers_id_seq"
    START WITH 1
    INCREMENT BY 1
    NO MINVALUE
    NO MAXVALUE
    CACHE 1
);


--
-- Name: Exams; Type: TABLE; Schema: public; Owner: postgres
--

CREATE TABLE public."Exams" (
    id integer NOT NULL,
    title character varying(255),
    description character varying(255),
    "userId" integer NOT NULL,
    "createdAt" timestamp without time zone NOT NULL,
    "updatedAt" timestamp without time zone NOT NULL
);


ALTER TABLE public."Exams" OWNER TO postgres;

--
-- Name: Exams_id_seq; Type: SEQUENCE; Schema: public; Owner: postgres
--

ALTER TABLE public."Exams" ALTER COLUMN id ADD GENERATED BY DEFAULT AS IDENTITY (
    SEQUENCE NAME public."Exams_id_seq"
    START WITH 1
    INCREMENT BY 1
    NO MINVALUE
    NO MAXVALUE
    CACHE 1
);


--
-- Name: QuestionOptions; Type: TABLE; Schema: public; Owner: postgres
--

CREATE TABLE public."QuestionOptions" (
    id integer NOT NULL,
    "questionId" integer NOT NULL,
    content text,
    "isCorrect" boolean DEFAULT false NOT NULL,
    "orderNum" integer NOT NULL,
    "createdAt" timestamp without time zone NOT NULL,
    "updatedAt" timestamp without time zone NOT NULL
);


ALTER TABLE public."QuestionOptions" OWNER TO postgres;

--
-- Name: QuestionOptions_id_seq; Type: SEQUENCE; Schema: public; Owner: postgres
--

ALTER TABLE public."QuestionOptions" ALTER COLUMN id ADD GENERATED BY DEFAULT AS IDENTITY (
    SEQUENCE NAME public."QuestionOptions_id_seq"
    START WITH 1
    INCREMENT BY 1
    NO MINVALUE
    NO MAXVALUE
    CACHE 1
);


--
-- Name: Questions; Type: TABLE; Schema: public; Owner: postgres
--

CREATE TABLE public."Questions" (
    id integer NOT NULL,
    "passageId" integer NOT NULL,
    "questionText" text,
    point numeric NOT NULL,
    "orderNum" integer NOT NULL,
    "createdAt" timestamp without time zone NOT NULL,
    "updatedAt" timestamp without time zone NOT NULL
);


ALTER TABLE public."Questions" OWNER TO postgres;

--
-- Name: Questions_id_seq; Type: SEQUENCE; Schema: public; Owner: postgres
--

ALTER TABLE public."Questions" ALTER COLUMN id ADD GENERATED BY DEFAULT AS IDENTITY (
    SEQUENCE NAME public."Questions_id_seq"
    START WITH 1
    INCREMENT BY 1
    NO MINVALUE
    NO MAXVALUE
    CACHE 1
);


--
-- Name: SectionParts; Type: TABLE; Schema: public; Owner: postgres
--

CREATE TABLE public."SectionParts" (
    id integer NOT NULL,
    title character varying(255) NOT NULL,
    instructions text,
    content text,
    "orderNum" integer NOT NULL,
    "sectionType" integer NOT NULL,
    type integer NOT NULL,
    "examId" integer NOT NULL,
    "parentId" integer,
    "createdAt" timestamp without time zone NOT NULL,
    "updatedAt" timestamp without time zone NOT NULL
);


ALTER TABLE public."SectionParts" OWNER TO postgres;

--
-- Name: SectionParts_id_seq; Type: SEQUENCE; Schema: public; Owner: postgres
--

ALTER TABLE public."SectionParts" ALTER COLUMN id ADD GENERATED BY DEFAULT AS IDENTITY (
    SEQUENCE NAME public."SectionParts_id_seq"
    START WITH 1
    INCREMENT BY 1
    NO MINVALUE
    NO MAXVALUE
    CACHE 1
);


--
-- Name: SpeakingAssessments; Type: TABLE; Schema: public; Owner: postgres
--

CREATE TABLE public."SpeakingAssessments" (
    id integer NOT NULL,
    "answerId" integer NOT NULL,
    pronunciation numeric(4,2) NOT NULL,
    fluency numeric(4,2) NOT NULL,
    vocabulary numeric(4,2) NOT NULL,
    grammar numeric(4,2) NOT NULL,
    "detailedFeedback" text NOT NULL,
    "transcribedText" text NOT NULL,
    "audioUrl" character varying(255) NOT NULL,
    "assessedAt" timestamp without time zone NOT NULL,
    "createdAt" timestamp without time zone NOT NULL,
    "updatedAt" timestamp without time zone NOT NULL,
    accuracy numeric(4,2) DEFAULT 0.0 NOT NULL,
    prosody numeric(4,2) DEFAULT 0.0 NOT NULL,
    "topicScore" numeric(4,2) DEFAULT 0.0 NOT NULL,
    "wordDetails" jsonb
);


ALTER TABLE public."SpeakingAssessments" OWNER TO postgres;

--
-- Name: SpeakingAssessments_id_seq; Type: SEQUENCE; Schema: public; Owner: postgres
--

ALTER TABLE public."SpeakingAssessments" ALTER COLUMN id ADD GENERATED BY DEFAULT AS IDENTITY (
    SEQUENCE NAME public."SpeakingAssessments_id_seq"
    START WITH 1
    INCREMENT BY 1
    NO MINVALUE
    NO MAXVALUE
    CACHE 1
);


--
-- Name: StudentAttempts; Type: TABLE; Schema: public; Owner: postgres
--

CREATE TABLE public."StudentAttempts" (
    id integer NOT NULL,
    "userId" integer NOT NULL,
    "examId" integer NOT NULL,
    "startTime" timestamp without time zone NOT NULL,
    "endTime" timestamp without time zone,
    status integer,
    "createdAt" timestamp without time zone NOT NULL,
    "updatedAt" timestamp without time zone NOT NULL,
    "finalScore" numeric(4,2) DEFAULT 0.0 NOT NULL
);


ALTER TABLE public."StudentAttempts" OWNER TO postgres;

--
-- Name: StudentAttempts_id_seq; Type: SEQUENCE; Schema: public; Owner: postgres
--

ALTER TABLE public."StudentAttempts" ALTER COLUMN id ADD GENERATED BY DEFAULT AS IDENTITY (
    SEQUENCE NAME public."StudentAttempts_id_seq"
    START WITH 1
    INCREMENT BY 1
    NO MINVALUE
    NO MAXVALUE
    CACHE 1
);


--
-- Name: Users; Type: TABLE; Schema: public; Owner: postgres
--

CREATE TABLE public."Users" (
    id integer NOT NULL,
    email character varying(255),
    password character varying(255),
    "firstName" character varying(255),
    "lastName" character varying(255),
    role integer NOT NULL,
    "createdAt" timestamp without time zone NOT NULL,
    "updatedAt" timestamp without time zone NOT NULL
);


ALTER TABLE public."Users" OWNER TO postgres;

--
-- Name: Users_id_seq; Type: SEQUENCE; Schema: public; Owner: postgres
--

ALTER TABLE public."Users" ALTER COLUMN id ADD GENERATED BY DEFAULT AS IDENTITY (
    SEQUENCE NAME public."Users_id_seq"
    START WITH 1
    INCREMENT BY 1
    NO MINVALUE
    NO MAXVALUE
    CACHE 1
);


--
-- Name: WritingAssessments; Type: TABLE; Schema: public; Owner: postgres
--

CREATE TABLE public."WritingAssessments" (
    id integer NOT NULL,
    "answerId" integer NOT NULL,
    "taskAchievement" numeric(4,2) NOT NULL,
    "coherenceCohesion" numeric(4,2) NOT NULL,
    "lexicalResource" numeric(4,2) NOT NULL,
    "grammarAccuracy" numeric(4,2) NOT NULL,
    "detailedFeedback" text NOT NULL,
    "assessedAt" timestamp without time zone NOT NULL,
    "createdAt" timestamp without time zone NOT NULL,
    "updatedAt" timestamp without time zone NOT NULL
);


ALTER TABLE public."WritingAssessments" OWNER TO postgres;

--
-- Name: WritingAssessments_id_seq; Type: SEQUENCE; Schema: public; Owner: postgres
--

ALTER TABLE public."WritingAssessments" ALTER COLUMN id ADD GENERATED BY DEFAULT AS IDENTITY (
    SEQUENCE NAME public."WritingAssessments_id_seq"
    START WITH 1
    INCREMENT BY 1
    NO MINVALUE
    NO MAXVALUE
    CACHE 1
);


--
-- Name: __EFMigrationsHistory; Type: TABLE; Schema: public; Owner: postgres
--

CREATE TABLE public."__EFMigrationsHistory" (
    "MigrationId" character varying(150) NOT NULL,
    "ProductVersion" character varying(32) NOT NULL
);


ALTER TABLE public."__EFMigrationsHistory" OWNER TO postgres;

--
-- Data for Name: Answers; Type: TABLE DATA; Schema: public; Owner: postgres
--

COPY public."Answers" (id, "attemptId", "questionId", "questionOptionId", "essayAnswer", "aiFeedback", score, "createdAt", "updatedAt") FROM stdin;
24	1	12	\N	\N	Speaking Assessment Results:\n\r\nPronunciation & Fluency Scores:\r\n- Pronunciation: 8.3/100\r\n- Fluency: 8.6/100\r\n- Accuracy: 9.6/100\r\n- Prosody: 7.8/100\r\n- Grammar: 4.0/100\r\n- Vocabulary: 5.0/100\r\n- Topic: 4.0/100\r\n\nDetailed Feedback:\r\n\nStrengths:\r\n✓ The speaker attempted to address the topic question directly by stating they do not watch TV.\r\n\nAreas for Improvement:\r\n• Grammar: The sentence structure is incorrect, making it difficult to understand the intended meaning.\r\n• Vocabulary: Limited vocabulary usage; phrases such as 'refer you see' are not appropriate.\r\n• Topic: The response does not fully engage with the topic or provide a clear rationale for the preference of watching videos on the phone over TV.\r\n\nSuggestions for Practice:\r\n- Grammar: Practice constructing clearer sentences. For example, 'No, I don't watch TV. I prefer to use my phone to watch videos.'\r\n- Vocabulary: Expand vocabulary by reading or listening to English media to become familiar with more natural phrases and expressions.\r\n- Topic: To improve engagement with the topic, elaborate on your preferences. For instance, you could mention specific platforms or types of videos you enjoy watching.\r\n- Overall, practice speaking about your daily habits and preferences to become more comfortable expressing your thoughts.\r\n	6.8	2024-12-11 19:04:29.107103	2024-12-11 19:04:29.107103
13	1	1	1	\N	\N	1	2024-12-11 10:56:48.238843	2024-12-11 10:56:48.238843
14	1	2	6	\N	\N	0	2024-12-11 10:56:48.248583	2024-12-11 10:56:48.248583
17	1	9	\N	TestLLM 5	Assessment Scores:\r\nTask Achievement: 1.5/2.5\nCoherence Cohesion: 1.5/2.5\nLexical Resource: 1.0/2.5\nGrammar Accuracy: 1.0/2.5\r\nTotal Score: 5.0/10\r\n\r\nStrengths:\r\n- The email addresses the main points requested by Jane, providing some information about An's personality and hobbies.\r\n\r\nAreas for Improvement:\r\n- The response is somewhat limited in detail regarding An's current work or study.\n- The organization of ideas could be improved for better flow.\r\n\r\nSuggestions:\r\n- Include more details about An's work or study to fully address the task.\n- Use linking phrases to improve the flow between sentences and paragraphs.\n- Revise for grammatical accuracy, paying attention to punctuation and subject-verb agreement.	5.0	2024-12-12 15:09:16.835527	2024-12-12 15:09:16.835527
18	1	10	\N	TestLLM 10	Assessment Scores:\r\nTask Achievement: 2.5/2.5\nCoherence Cohesion: 2.5/2.5\nLexical Resource: 2.5/2.5\nGrammar Accuracy: 2.5/2.5\r\nTotal Score: 10.0/10\r\n\r\nStrengths:\r\n- The essay thoroughly addresses both the positive and negative effects of tourism on local communities.\n- Clear examples are provided to support the arguments, demonstrating a good understanding of the topic.\n- The organization of the essay is logical, with a clear introduction, body paragraphs, and conclusion.\r\n\r\nAreas for Improvement:\r\n\r\n\r\nSuggestions:\r\n- Continue to use a variety of sentence structures to maintain reader interest.\n- In future essays, consider exploring more diverse examples to illustrate points.	10.0	2024-12-12 08:17:27.509268	2024-12-12 08:17:27.509268
23	1	11	\N	\N	Speaking Assessment Results:\n\r\nPronunciation & Fluency Scores:\r\n- Pronunciation: 8.4/100\r\n- Fluency: 9.2/100\r\n- Accuracy: 9.3/100\r\n- Prosody: 7.8/100\r\n- Grammar: 8.0/100\r\n- Vocabulary: 7.0/100\r\n- Topic: 6.0/100\r\n\nDetailed Feedback:\r\n\nStrengths:\r\n✓ The speaker has a clear and grammatically correct sentence structure.\r\n✓ The response is concise and directly addresses the question.\r\n\nAreas for Improvement:\r\n• Limited vocabulary usage; the response could benefit from more varied word choices.\r\n• The topic engagement is minimal; the response is very short and lacks depth.\r\n\nSuggestions for Practice:\r\n- Expand on the response by providing more details about why you like 'MasterChef', such as specific skills or recipes you've learned.\r\n- Use more varied vocabulary to express your thoughts, for instance, instead of 'learn many things', you could say 'enhance my cooking skills' or 'discover new culinary techniques'.\r\n- Consider including other free-time activities to create a more comprehensive answer and to demonstrate your ability to elaborate on a topic.\r\n	8.0	2024-12-11 18:46:33.27433	2024-12-11 18:46:33.27433
\.


--
-- Data for Name: Exams; Type: TABLE DATA; Schema: public; Owner: postgres
--

COPY public."Exams" (id, title, description, "userId", "createdAt", "updatedAt") FROM stdin;
2	VSTEP B2 Practice Test	Full practice test for VSTEP B2 certification	1	2024-12-08 03:27:49.455719	2024-12-08 03:27:49.455719
\.


--
-- Data for Name: QuestionOptions; Type: TABLE DATA; Schema: public; Owner: postgres
--

COPY public."QuestionOptions" (id, "questionId", content, "isCorrect", "orderNum", "createdAt", "updatedAt") FROM stdin;
1	1	Option 1	t	1	2024-12-08 03:27:49.716182	2024-12-08 03:27:49.716182
2	1	Option 2	f	2	2024-12-08 03:27:49.72838	2024-12-08 03:27:49.72838
3	1	Option 3	f	3	2024-12-08 03:27:49.728459	2024-12-08 03:27:49.728459
4	1	Option 4	f	4	2024-12-08 03:27:49.728474	2024-12-08 03:27:49.728475
5	2	Option 1	t	1	2024-12-08 03:27:49.757964	2024-12-08 03:27:49.757964
6	2	Option 2	f	2	2024-12-08 03:27:49.758056	2024-12-08 03:27:49.758056
7	2	Option 3	f	3	2024-12-08 03:27:49.758072	2024-12-08 03:27:49.758072
8	2	Option 4	f	4	2024-12-08 03:27:49.758085	2024-12-08 03:27:49.758085
9	3	Option 1	t	1	2024-12-08 03:27:49.767638	2024-12-08 03:27:49.767638
10	3	Option 2	f	2	2024-12-08 03:27:49.767718	2024-12-08 03:27:49.767718
11	3	Option 3	f	3	2024-12-08 03:27:49.767747	2024-12-08 03:27:49.767747
12	3	Option 4	f	4	2024-12-08 03:27:49.767761	2024-12-08 03:27:49.767761
13	4	Option 1	t	1	2024-12-08 03:27:49.773539	2024-12-08 03:27:49.773539
14	4	Option 2	f	2	2024-12-08 03:27:49.773632	2024-12-08 03:27:49.773632
15	4	Option 3	f	3	2024-12-08 03:27:49.77366	2024-12-08 03:27:49.77366
16	4	Option 4	f	4	2024-12-08 03:27:49.773674	2024-12-08 03:27:49.773674
17	5	Option 1	t	1	2024-12-08 03:27:49.788721	2024-12-08 03:27:49.788721
18	5	Option 2	f	2	2024-12-08 03:27:49.788815	2024-12-08 03:27:49.788815
19	5	Option 3	f	3	2024-12-08 03:27:49.788833	2024-12-08 03:27:49.788833
20	5	Option 4	f	4	2024-12-08 03:27:49.788848	2024-12-08 03:27:49.788848
21	6	Option 1	t	1	2024-12-08 03:27:49.795032	2024-12-08 03:27:49.795032
22	6	Option 2	f	2	2024-12-08 03:27:49.795193	2024-12-08 03:27:49.795194
23	6	Option 3	f	3	2024-12-08 03:27:49.795219	2024-12-08 03:27:49.795219
24	6	Option 4	f	4	2024-12-08 03:27:49.795233	2024-12-08 03:27:49.795233
25	7	Option 1	t	1	2024-12-08 03:27:49.806653	2024-12-08 03:27:49.806653
26	7	Option 2	f	2	2024-12-08 03:27:49.806747	2024-12-08 03:27:49.806747
27	7	Option 3	f	3	2024-12-08 03:27:49.806777	2024-12-08 03:27:49.806777
28	7	Option 4	f	4	2024-12-08 03:27:49.806792	2024-12-08 03:27:49.806792
29	8	Option 1	t	1	2024-12-08 03:27:49.814076	2024-12-08 03:27:49.814076
30	8	Option 2	f	2	2024-12-08 03:27:49.814208	2024-12-08 03:27:49.814208
31	8	Option 3	f	3	2024-12-08 03:27:49.814225	2024-12-08 03:27:49.814225
32	8	Option 4	f	4	2024-12-08 03:27:49.814247	2024-12-08 03:27:49.814247
\.


--
-- Data for Name: Questions; Type: TABLE DATA; Schema: public; Owner: postgres
--

COPY public."Questions" (id, "passageId", "questionText", point, "orderNum", "createdAt", "updatedAt") FROM stdin;
1	2	Listening Question 1 for Part 1	1	1	2024-12-08 03:27:49.685344	2024-12-08 03:27:49.685345
2	2	Listening Question 2 for Part 1	1	2	2024-12-08 03:27:49.728493	2024-12-08 03:27:49.728493
3	3	Listening Question 1 for Part 2	1	1	2024-12-08 03:27:49.763894	2024-12-08 03:27:49.763894
4	3	Listening Question 2 for Part 2	1	2	2024-12-08 03:27:49.767776	2024-12-08 03:27:49.767776
5	5	Reading Question 1 for Part 1	1	1	2024-12-08 03:27:49.784689	2024-12-08 03:27:49.784689
6	5	Reading Question 2 for Part 1	1	2	2024-12-08 03:27:49.788883	2024-12-08 03:27:49.788883
7	6	Reading Question 1 for Part 2	1	1	2024-12-08 03:27:49.802206	2024-12-08 03:27:49.802206
8	6	Reading Question 2 for Part 2	1	2	2024-12-08 03:27:49.806822	2024-12-08 03:27:49.806823
9	8	Write an email responding to Jane. You should write at least 120 words. You do not need to include your name or addresses. Your response will be evaluated in terms of Task Fulfillment, Organization, Vocabulary and Grammar.	10	1	2024-12-08 03:27:49.825101	2024-12-08 03:27:49.825101
10	9	Write an essay to an educated reader to discuss the effects of tourism on local communities. Include reasons and any relevant examples to support your answer. You should write at least 250 words. Your response will be evaluated in terms of Task Fulfillment, Organization, Vocabulary and Grammar.	10	1	2024-12-08 03:27:49.830362	2024-12-08 03:27:49.830362
11	11	What do you often do in your free time?	10	1	2024-12-08 03:27:49.839556	2024-12-08 03:27:49.839557
12	11	Do you watch TV? If no, why not? If yes, which TV channel do you like best? Why?	10	2	2024-12-08 03:27:49.839639	2024-12-08 03:27:49.83964
13	12	Which means of transport do you think is the best choice?	10	1	2024-12-08 03:27:49.845417	2024-12-08 03:27:49.845417
\.


--
-- Data for Name: SectionParts; Type: TABLE DATA; Schema: public; Owner: postgres
--

COPY public."SectionParts" (id, title, instructions, content, "orderNum", "sectionType", type, "examId", "parentId", "createdAt", "updatedAt") FROM stdin;
1	Listening	Listen to the audio and answer the questions	\N	1	1	1	2	\N	2024-12-08 03:27:49.621877	2024-12-08 03:27:49.621877
2	Listening Part 1	\N	Audio content for part 1	1	1	2	2	1	2024-12-08 03:27:49.676642	2024-12-08 03:27:49.676642
3	Listening Part 2	\N	Audio content for part 2	2	1	2	2	1	2024-12-08 03:27:49.7581	2024-12-08 03:27:49.7581
4	Reading	Read the passages and answer the questions	\N	2	2	1	2	\N	2024-12-08 03:27:49.773725	2024-12-08 03:27:49.773725
5	Reading Part 1	\N	Reading passage content for part 1	1	2	2	2	4	2024-12-08 03:27:49.78048	2024-12-08 03:27:49.78048
6	Reading Part 2	\N	Reading passage content for part 2	2	2	2	2	4	2024-12-08 03:27:49.795251	2024-12-08 03:27:49.795251
7	Writing	Complete both writing tasks	\N	3	3	1	2	\N	2024-12-08 03:27:49.814262	2024-12-08 03:27:49.814262
10	Speaking	Complete both speaking tasks	\N	4	4	1	2	\N	2024-12-08 03:27:49.830471	2024-12-08 03:27:49.830472
11	Social Interaction	This part will take 3 minutes	Let's talk about your free time activities.	1	4	2	2	10	2024-12-08 03:27:49.83583	2024-12-08 03:27:49.83583
12	Solution Discussion	This part will take 4 minutes	Situation: A group of people is planning a trip from Danang to Hanoi. Three means of transport are suggested: by train, by plane, and by coach.	2	4	2	2	10	2024-12-08 03:27:49.83971	2024-12-08 03:27:49.83971
8	Email Writing	You should spend about 20 minutes on this task.	You received an email from your English friend, Jane. She asked you for some information about one of your friends. Read part of her email below.\r\n\r\nI've just got an email from your friend, An. She said she's going to take a course in London this summer. She asked if she could stay with my family until she could find an apartment. Can you tell me a bit about her (things like her personality, hobbies and interests, and her current work or study if possible)? I want to see if she will fit in with my family.	1	3	2	2	7	2024-12-08 03:27:49.820778	2024-12-08 03:27:49.820778
9	Essay Writing	You should spend about 40 minutes on this task.	Tourism has become one of the fastest growing industries in the world. Millions of people today are travelling farther and farther throughout the year. Some people argue that the development of tourism has had negative effects on local communities; others think that its influences are positive.	2	3	2	2	7	2024-12-08 03:27:49.825192	2024-12-08 03:27:49.825192
\.


--
-- Data for Name: SpeakingAssessments; Type: TABLE DATA; Schema: public; Owner: postgres
--

COPY public."SpeakingAssessments" (id, "answerId", pronunciation, fluency, vocabulary, grammar, "detailedFeedback", "transcribedText", "audioUrl", "assessedAt", "createdAt", "updatedAt", accuracy, prosody, "topicScore", "wordDetails") FROM stdin;
41	23	8.39	9.20	7.00	8.00	Speaking Assessment Results:\n\r\nPronunciation & Fluency Scores:\r\n- Pronunciation: 8.4/100\r\n- Fluency: 9.2/100\r\n- Accuracy: 9.3/100\r\n- Prosody: 7.8/100\r\n- Grammar: 8.0/100\r\n- Vocabulary: 7.0/100\r\n- Topic: 6.0/100\r\n\nDetailed Feedback:\r\n\nStrengths:\r\n✓ The speaker has a clear and grammatically correct sentence structure.\r\n✓ The response is concise and directly addresses the question.\r\n\nAreas for Improvement:\r\n• Limited vocabulary usage; the response could benefit from more varied word choices.\r\n• The topic engagement is minimal; the response is very short and lacks depth.\r\n\nSuggestions for Practice:\r\n- Expand on the response by providing more details about why you like 'MasterChef', such as specific skills or recipes you've learned.\r\n- Use more varied vocabulary to express your thoughts, for instance, instead of 'learn many things', you could say 'enhance my cooking skills' or 'discover new culinary techniques'.\r\n- Consider including other free-time activities to create a more comprehensive answer and to demonstrate your ability to elaborate on a topic.\r\n	I like watching MasterChef on TV because I can learn many things.	https://tkpmblob.blob.core.windows.net/speakingaudio/d54fa443-32bd-4358-a976-0407113c403b_q2s.m4a	2024-12-11 12:04:36.845265	2024-12-11 12:04:36.844587	2024-12-11 12:04:36.844587	9.30	7.82	6.00	[{"Word": "i", "Phonemes": [], "ErrorType": "None", "AccuracyScore": 10.0}, {"Word": "like", "Phonemes": [], "ErrorType": "None", "AccuracyScore": 10.0}, {"Word": "watching", "Phonemes": [], "ErrorType": "None", "AccuracyScore": 10.0}, {"Word": "masterchef", "Phonemes": [], "ErrorType": "Mispronunciation", "AccuracyScore": 5.0}, {"Word": "on", "Phonemes": [], "ErrorType": "None", "AccuracyScore": 10.0}, {"Word": "TV", "Phonemes": [], "ErrorType": "None", "AccuracyScore": 10.0}, {"Word": "because", "Phonemes": [], "ErrorType": "None", "AccuracyScore": 7.0}, {"Word": "i", "Phonemes": [], "ErrorType": "None", "AccuracyScore": 10.0}, {"Word": "can", "Phonemes": [], "ErrorType": "None", "AccuracyScore": 10.0}, {"Word": "learn", "Phonemes": [], "ErrorType": "None", "AccuracyScore": 10.0}, {"Word": "many", "Phonemes": [], "ErrorType": "None", "AccuracyScore": 10.0}, {"Word": "things", "Phonemes": [], "ErrorType": "None", "AccuracyScore": 10.0}]
42	24	8.31	8.60	5.00	4.00	Speaking Assessment Results:\n\r\nPronunciation & Fluency Scores:\r\n- Pronunciation: 8.3/100\r\n- Fluency: 8.6/100\r\n- Accuracy: 9.6/100\r\n- Prosody: 7.8/100\r\n- Grammar: 4.0/100\r\n- Vocabulary: 5.0/100\r\n- Topic: 4.0/100\r\n\nDetailed Feedback:\r\n\nStrengths:\r\n✓ The speaker attempted to address the topic question directly by stating they do not watch TV.\r\n\nAreas for Improvement:\r\n• Grammar: The sentence structure is incorrect, making it difficult to understand the intended meaning.\r\n• Vocabulary: Limited vocabulary usage; phrases such as 'refer you see' are not appropriate.\r\n• Topic: The response does not fully engage with the topic or provide a clear rationale for the preference of watching videos on the phone over TV.\r\n\nSuggestions for Practice:\r\n- Grammar: Practice constructing clearer sentences. For example, 'No, I don't watch TV. I prefer to use my phone to watch videos.'\r\n- Vocabulary: Expand vocabulary by reading or listening to English media to become familiar with more natural phrases and expressions.\r\n- Topic: To improve engagement with the topic, elaborate on your preferences. For instance, you could mention specific platforms or types of videos you enjoy watching.\r\n- Overall, practice speaking about your daily habits and preferences to become more comfortable expressing your thoughts.\r\n	No, I don't. I refer you see my phone to watch videos.	https://tkpmblob.blob.core.windows.net/speakingaudio/9bf33b1e-e743-4bdf-a6dc-4b61e29bf88c_s2.m4a	2024-12-11 12:04:44.246612	2024-12-11 12:04:44.246608	2024-12-11 12:04:44.246608	9.60	7.78	4.00	[{"Word": "no", "Phonemes": [], "ErrorType": "None", "AccuracyScore": 9.6}, {"Word": "i", "Phonemes": [], "ErrorType": "None", "AccuracyScore": 10.0}, {"Word": "don't", "Phonemes": [], "ErrorType": "None", "AccuracyScore": 10.0}, {"Word": "i", "Phonemes": [], "ErrorType": "None", "AccuracyScore": 10.0}, {"Word": "refer", "Phonemes": [], "ErrorType": "None", "AccuracyScore": 8.8}, {"Word": "you", "Phonemes": [], "ErrorType": "None", "AccuracyScore": 10.0}, {"Word": "see", "Phonemes": [], "ErrorType": "None", "AccuracyScore": 10.0}, {"Word": "my", "Phonemes": [], "ErrorType": "None", "AccuracyScore": 10.0}, {"Word": "phone", "Phonemes": [], "ErrorType": "None", "AccuracyScore": 10.0}, {"Word": "to", "Phonemes": [], "ErrorType": "None", "AccuracyScore": 10.0}, {"Word": "watch", "Phonemes": [], "ErrorType": "None", "AccuracyScore": 7.2}, {"Word": "videos", "Phonemes": [], "ErrorType": "None", "AccuracyScore": 9.8}]
\.


--
-- Data for Name: StudentAttempts; Type: TABLE DATA; Schema: public; Owner: postgres
--

COPY public."StudentAttempts" (id, "userId", "examId", "startTime", "endTime", status, "createdAt", "updatedAt", "finalScore") FROM stdin;
1	1	2	2024-12-08 17:29:25.952725	2024-12-11 06:35:24.630159	0	2024-12-08 17:29:25.95264	2024-12-08 17:29:25.95264	0.00
\.


--
-- Data for Name: Users; Type: TABLE DATA; Schema: public; Owner: postgres
--

COPY public."Users" (id, email, password, "firstName", "lastName", role, "createdAt", "updatedAt") FROM stdin;
1	test@vstep.com	asd	asd	asd	1	2024-12-08 10:27:40.03	2024-12-08 10:27:41.093
\.


--
-- Data for Name: WritingAssessments; Type: TABLE DATA; Schema: public; Owner: postgres
--

COPY public."WritingAssessments" (id, "answerId", "taskAchievement", "coherenceCohesion", "lexicalResource", "grammarAccuracy", "detailedFeedback", "assessedAt", "createdAt", "updatedAt") FROM stdin;
8	17	1.50	1.50	1.00	1.00	Assessment Scores:\r\nTask Achievement: 1.5/2.5\nCoherence Cohesion: 1.5/2.5\nLexical Resource: 1.0/2.5\nGrammar Accuracy: 1.0/2.5\r\nTotal Score: 5.0/10\r\n\r\nStrengths:\r\n- The email addresses the main points requested by Jane, providing some information about An's personality and hobbies.\r\n\r\nAreas for Improvement:\r\n- The response is somewhat limited in detail regarding An's current work or study.\n- The organization of ideas could be improved for better flow.\r\n\r\nSuggestions:\r\n- Include more details about An's work or study to fully address the task.\n- Use linking phrases to improve the flow between sentences and paragraphs.\n- Revise for grammatical accuracy, paying attention to punctuation and subject-verb agreement.	2024-12-11 11:18:52.288105	2024-12-11 11:18:52.288104	2024-12-11 11:18:52.288104
9	18	2.50	2.50	2.50	2.50	Assessment Scores:\r\nTask Achievement: 2.5/2.5\nCoherence Cohesion: 2.5/2.5\nLexical Resource: 2.5/2.5\nGrammar Accuracy: 2.5/2.5\r\nTotal Score: 10.0/10\r\n\r\nStrengths:\r\n- The essay thoroughly addresses both the positive and negative effects of tourism on local communities.\n- Clear examples are provided to support the arguments, demonstrating a good understanding of the topic.\n- The organization of the essay is logical, with a clear introduction, body paragraphs, and conclusion.\r\n\r\nAreas for Improvement:\r\n\r\n\r\nSuggestions:\r\n- Continue to use a variety of sentence structures to maintain reader interest.\n- In future essays, consider exploring more diverse examples to illustrate points.	2024-12-11 11:18:57.264138	2024-12-11 11:18:57.264138	2024-12-11 11:18:57.264138
\.


--
-- Data for Name: __EFMigrationsHistory; Type: TABLE DATA; Schema: public; Owner: postgres
--

COPY public."__EFMigrationsHistory" ("MigrationId", "ProductVersion") FROM stdin;
20241205092920_initDB	8.0.10
20241206011823_ChangeColumnNameInQuestionsTable	8.0.10
20241211043936_UpdateSpeakingAssessmentSchema	8.0.10
20241213035006_AddFinalCoreForAttemptStudent	8.0.10
20241214110936_ChangeColumnNameInSpeakingAssessments	8.0.10
\.


--
-- Name: Answers_id_seq; Type: SEQUENCE SET; Schema: public; Owner: postgres
--

SELECT pg_catalog.setval('public."Answers_id_seq"', 24, true);


--
-- Name: Exams_id_seq; Type: SEQUENCE SET; Schema: public; Owner: postgres
--

SELECT pg_catalog.setval('public."Exams_id_seq"', 2, true);


--
-- Name: QuestionOptions_id_seq; Type: SEQUENCE SET; Schema: public; Owner: postgres
--

SELECT pg_catalog.setval('public."QuestionOptions_id_seq"', 32, true);


--
-- Name: Questions_id_seq; Type: SEQUENCE SET; Schema: public; Owner: postgres
--

SELECT pg_catalog.setval('public."Questions_id_seq"', 13, true);


--
-- Name: SectionParts_id_seq; Type: SEQUENCE SET; Schema: public; Owner: postgres
--

SELECT pg_catalog.setval('public."SectionParts_id_seq"', 12, true);


--
-- Name: SpeakingAssessments_id_seq; Type: SEQUENCE SET; Schema: public; Owner: postgres
--

SELECT pg_catalog.setval('public."SpeakingAssessments_id_seq"', 42, true);


--
-- Name: StudentAttempts_id_seq; Type: SEQUENCE SET; Schema: public; Owner: postgres
--

SELECT pg_catalog.setval('public."StudentAttempts_id_seq"', 1, true);


--
-- Name: Users_id_seq; Type: SEQUENCE SET; Schema: public; Owner: postgres
--

SELECT pg_catalog.setval('public."Users_id_seq"', 1, true);


--
-- Name: WritingAssessments_id_seq; Type: SEQUENCE SET; Schema: public; Owner: postgres
--

SELECT pg_catalog.setval('public."WritingAssessments_id_seq"', 9, true);


--
-- Name: Answers PK_Answers; Type: CONSTRAINT; Schema: public; Owner: postgres
--

ALTER TABLE ONLY public."Answers"
    ADD CONSTRAINT "PK_Answers" PRIMARY KEY (id);


--
-- Name: Exams PK_Exams; Type: CONSTRAINT; Schema: public; Owner: postgres
--

ALTER TABLE ONLY public."Exams"
    ADD CONSTRAINT "PK_Exams" PRIMARY KEY (id);


--
-- Name: QuestionOptions PK_QuestionOptions; Type: CONSTRAINT; Schema: public; Owner: postgres
--

ALTER TABLE ONLY public."QuestionOptions"
    ADD CONSTRAINT "PK_QuestionOptions" PRIMARY KEY (id);


--
-- Name: Questions PK_Questions; Type: CONSTRAINT; Schema: public; Owner: postgres
--

ALTER TABLE ONLY public."Questions"
    ADD CONSTRAINT "PK_Questions" PRIMARY KEY (id);


--
-- Name: SectionParts PK_SectionParts; Type: CONSTRAINT; Schema: public; Owner: postgres
--

ALTER TABLE ONLY public."SectionParts"
    ADD CONSTRAINT "PK_SectionParts" PRIMARY KEY (id);


--
-- Name: SpeakingAssessments PK_SpeakingAssessments; Type: CONSTRAINT; Schema: public; Owner: postgres
--

ALTER TABLE ONLY public."SpeakingAssessments"
    ADD CONSTRAINT "PK_SpeakingAssessments" PRIMARY KEY (id);


--
-- Name: StudentAttempts PK_StudentAttempts; Type: CONSTRAINT; Schema: public; Owner: postgres
--

ALTER TABLE ONLY public."StudentAttempts"
    ADD CONSTRAINT "PK_StudentAttempts" PRIMARY KEY (id);


--
-- Name: Users PK_Users; Type: CONSTRAINT; Schema: public; Owner: postgres
--

ALTER TABLE ONLY public."Users"
    ADD CONSTRAINT "PK_Users" PRIMARY KEY (id);


--
-- Name: WritingAssessments PK_WritingAssessments; Type: CONSTRAINT; Schema: public; Owner: postgres
--

ALTER TABLE ONLY public."WritingAssessments"
    ADD CONSTRAINT "PK_WritingAssessments" PRIMARY KEY (id);


--
-- Name: __EFMigrationsHistory PK___EFMigrationsHistory; Type: CONSTRAINT; Schema: public; Owner: postgres
--

ALTER TABLE ONLY public."__EFMigrationsHistory"
    ADD CONSTRAINT "PK___EFMigrationsHistory" PRIMARY KEY ("MigrationId");


--
-- Name: IX_Answers_attemptId; Type: INDEX; Schema: public; Owner: postgres
--

CREATE INDEX "IX_Answers_attemptId" ON public."Answers" USING btree ("attemptId");


--
-- Name: IX_Answers_questionId; Type: INDEX; Schema: public; Owner: postgres
--

CREATE INDEX "IX_Answers_questionId" ON public."Answers" USING btree ("questionId");


--
-- Name: IX_Answers_questionOptionId; Type: INDEX; Schema: public; Owner: postgres
--

CREATE INDEX "IX_Answers_questionOptionId" ON public."Answers" USING btree ("questionOptionId");


--
-- Name: IX_Exams_userId; Type: INDEX; Schema: public; Owner: postgres
--

CREATE INDEX "IX_Exams_userId" ON public."Exams" USING btree ("userId");


--
-- Name: IX_QuestionOptions_questionId; Type: INDEX; Schema: public; Owner: postgres
--

CREATE INDEX "IX_QuestionOptions_questionId" ON public."QuestionOptions" USING btree ("questionId");


--
-- Name: IX_Questions_passageId; Type: INDEX; Schema: public; Owner: postgres
--

CREATE INDEX "IX_Questions_passageId" ON public."Questions" USING btree ("passageId");


--
-- Name: IX_SectionParts_examId; Type: INDEX; Schema: public; Owner: postgres
--

CREATE INDEX "IX_SectionParts_examId" ON public."SectionParts" USING btree ("examId");


--
-- Name: IX_SectionParts_parentId; Type: INDEX; Schema: public; Owner: postgres
--

CREATE INDEX "IX_SectionParts_parentId" ON public."SectionParts" USING btree ("parentId");


--
-- Name: IX_SpeakingAssessments_answerId; Type: INDEX; Schema: public; Owner: postgres
--

CREATE INDEX "IX_SpeakingAssessments_answerId" ON public."SpeakingAssessments" USING btree ("answerId");


--
-- Name: IX_StudentAttempts_examId; Type: INDEX; Schema: public; Owner: postgres
--

CREATE INDEX "IX_StudentAttempts_examId" ON public."StudentAttempts" USING btree ("examId");


--
-- Name: IX_StudentAttempts_userId; Type: INDEX; Schema: public; Owner: postgres
--

CREATE INDEX "IX_StudentAttempts_userId" ON public."StudentAttempts" USING btree ("userId");


--
-- Name: IX_WritingAssessments_answerId; Type: INDEX; Schema: public; Owner: postgres
--

CREATE INDEX "IX_WritingAssessments_answerId" ON public."WritingAssessments" USING btree ("answerId");


--
-- Name: Answers FK_Answers_QuestionOptions_questionOptionId; Type: FK CONSTRAINT; Schema: public; Owner: postgres
--

ALTER TABLE ONLY public."Answers"
    ADD CONSTRAINT "FK_Answers_QuestionOptions_questionOptionId" FOREIGN KEY ("questionOptionId") REFERENCES public."QuestionOptions"(id) ON DELETE SET NULL;


--
-- Name: Answers FK_Answers_Questions_questionId; Type: FK CONSTRAINT; Schema: public; Owner: postgres
--

ALTER TABLE ONLY public."Answers"
    ADD CONSTRAINT "FK_Answers_Questions_questionId" FOREIGN KEY ("questionId") REFERENCES public."Questions"(id) ON DELETE CASCADE;


--
-- Name: Answers FK_Answers_StudentAttempts_attemptId; Type: FK CONSTRAINT; Schema: public; Owner: postgres
--

ALTER TABLE ONLY public."Answers"
    ADD CONSTRAINT "FK_Answers_StudentAttempts_attemptId" FOREIGN KEY ("attemptId") REFERENCES public."StudentAttempts"(id) ON DELETE SET NULL;


--
-- Name: Exams FK_Exams_Users_userId; Type: FK CONSTRAINT; Schema: public; Owner: postgres
--

ALTER TABLE ONLY public."Exams"
    ADD CONSTRAINT "FK_Exams_Users_userId" FOREIGN KEY ("userId") REFERENCES public."Users"(id) ON DELETE SET NULL;


--
-- Name: QuestionOptions FK_QuestionOptions_Questions_questionId; Type: FK CONSTRAINT; Schema: public; Owner: postgres
--

ALTER TABLE ONLY public."QuestionOptions"
    ADD CONSTRAINT "FK_QuestionOptions_Questions_questionId" FOREIGN KEY ("questionId") REFERENCES public."Questions"(id) ON DELETE CASCADE;


--
-- Name: Questions FK_Questions_SectionParts_passageId; Type: FK CONSTRAINT; Schema: public; Owner: postgres
--

ALTER TABLE ONLY public."Questions"
    ADD CONSTRAINT "FK_Questions_SectionParts_passageId" FOREIGN KEY ("passageId") REFERENCES public."SectionParts"(id) ON DELETE CASCADE;


--
-- Name: SectionParts FK_SectionParts_Exams_examId; Type: FK CONSTRAINT; Schema: public; Owner: postgres
--

ALTER TABLE ONLY public."SectionParts"
    ADD CONSTRAINT "FK_SectionParts_Exams_examId" FOREIGN KEY ("examId") REFERENCES public."Exams"(id) ON DELETE CASCADE;


--
-- Name: SectionParts FK_SectionParts_SectionParts_parentId; Type: FK CONSTRAINT; Schema: public; Owner: postgres
--

ALTER TABLE ONLY public."SectionParts"
    ADD CONSTRAINT "FK_SectionParts_SectionParts_parentId" FOREIGN KEY ("parentId") REFERENCES public."SectionParts"(id) ON DELETE CASCADE;


--
-- Name: SpeakingAssessments FK_SpeakingAssessments_Answers_answerId; Type: FK CONSTRAINT; Schema: public; Owner: postgres
--

ALTER TABLE ONLY public."SpeakingAssessments"
    ADD CONSTRAINT "FK_SpeakingAssessments_Answers_answerId" FOREIGN KEY ("answerId") REFERENCES public."Answers"(id) ON DELETE CASCADE;


--
-- Name: StudentAttempts FK_StudentAttempts_Exams_examId; Type: FK CONSTRAINT; Schema: public; Owner: postgres
--

ALTER TABLE ONLY public."StudentAttempts"
    ADD CONSTRAINT "FK_StudentAttempts_Exams_examId" FOREIGN KEY ("examId") REFERENCES public."Exams"(id) ON DELETE SET NULL;


--
-- Name: StudentAttempts FK_StudentAttempts_Users_userId; Type: FK CONSTRAINT; Schema: public; Owner: postgres
--

ALTER TABLE ONLY public."StudentAttempts"
    ADD CONSTRAINT "FK_StudentAttempts_Users_userId" FOREIGN KEY ("userId") REFERENCES public."Users"(id) ON DELETE SET NULL;


--
-- Name: WritingAssessments FK_WritingAssessments_Answers_answerId; Type: FK CONSTRAINT; Schema: public; Owner: postgres
--

ALTER TABLE ONLY public."WritingAssessments"
    ADD CONSTRAINT "FK_WritingAssessments_Answers_answerId" FOREIGN KEY ("answerId") REFERENCES public."Answers"(id) ON DELETE CASCADE;


--
-- PostgreSQL database dump complete
--

